employeeID,academicYear,semester,effective_from,effective_until,day,officialTimeIN,officialBreaktimeIN,officialBreaktimeOUT,officialTimeOUT,officialHonorariumTimeIN,officialHonorariumTimeOUT,officialServiceCreditTimeIN,officialServiceCreditTimeOUT,officialOverTimeIN,officialOverTimeOUT,breaktime
20134507,2026-2027,1st Semester,2026-03-01,2026-03-14,Monday,08:00:00 AM,12:00:00 PM,01:00:00 PM,05:00:00 PM,00:00:00 AM,00:00:00 AM,00:00:00 AM,00:00:00 AM,00:00:00 AM,00:00:00 AM,
20134507,2026-2027,1st Semester,2026-03-01,2026-03-14,Tuesday,08:00:00 AM,12:00:00 PM,01:00:00 PM,05:00:00 PM,00:00:00 AM,00:00:00 AM,00:00:00 AM,00:00:00 AM,00:00:00 AM,00:00:00 AM,
20134507,2026-2027,1st Semester,2026-03-01,2026-03-14,Wednesday,08:00:00 AM,12:00:00 PM,01:00:00 PM,05:00:00 PM,00:00:00 AM,00:00:00 AM,00:00:00 AM,00:00:00 AM,00:00:00 AM,00:00:00 AM,
20134507,2026-2027,1st Semester,2026-03-01,2026-03-14,Thursday,08:00:00 AM,12:00:00 PM,01:00:00 PM,05:00:00 PM,00:00:00 AM,00:00:00 AM,00:00:00 AM,00:00:00 AM,00:00:00 AM,00:00:00 AM,
20134507,2026-2027,1st Semester,2026-03-01,2026-03-14,Friday,08:00:00 AM,12:00:00 PM,01:00:00 PM,05:00:00 PM,00:00:00 AM,00:00:00 AM,00:00:00 AM,00:00:00 AM,00:00:00 AM,00:00:00 AM,
20134507,2026-2027,1st Semester,2026-03-01,2026-03-14,Saturday,00:00:00 AM,00:00:00 AM,00:00:00 AM,00:00:00 AM,00:00:00 AM,00:00:00 AM,00:00:00 AM,00:00:00 AM,00:00:00 AM,00:00:00 AM,
20134507,2026-2027,1st Semester,2026-03-01,2026-03-14,Sunday,00:00:00 AM,00:00:00 AM,00:00:00 AM,00:00:00 AM,00:00:00 AM,00:00:00 AM,00:00:00 AM,00:00:00 AM,00:00:00 AM,00:00:00 AM,

20134507,2026-2027,2nd Semester,2026-03-15,2026-03-31,Monday,09:00:00 AM,12:00:00 PM,01:00:00 PM,06:00:00 PM,00:00:00 AM,00:00:00 AM,00:00:00 AM,00:00:00 AM,00:00:00 AM,00:00:00 AM,
